<?xml version="1.0" encoding="UTF-8"?>

<beans xmlns="http://www.springframework.org/schema/beans"
       xmlns:xsi="http://www.w3.org/2001/XMLSchema-instance"
       xmlns:tx="http://www.springframework.org/schema/tx"
       xmlns:ssdev="http://www.bsoft.com.cn/schema/ssdev"
       xsi:schemaLocation="http://www.springframework.org/schema/beans http://www.springframework.org/schema/beans/spring-beans.xsd
       http://www.springframework.org/schema/tx http://www.springframework.org/schema/tx/spring-tx-3.0.xsd
       http://www.bsoft.com.cn/schema/ssdev http://www.bsoft.com.cn/schema/ssdev/ssdev.xsd">

    <bean class="org.springframework.beans.factory.config.PropertyPlaceholderConfigurer">
        <property name="location" value="conf/mpi.properties"/>
    </bean>

    <bean id="masterSubscriber" class="ctd.net.broadcast.injvm.InjvmSubscriber"/>

    <ssdev:applicationDomain name="mpi" registryAddress="zookeeper://${ssdev.zkHost}" packagePrefix="mpi" />

    <ssdev:connector url="tcp://${rpc.server}?codec=hessian"/>

    <bean id="jedisPoolConfig" class="redis.clients.jedis.JedisPoolConfig">
        <property name="maxTotal" value="100"/>
        <property name="maxIdle" value="100"/>
        <property name="maxWaitMillis" value="30000"/>
        <property name="testOnBorrow" value="true"/>
        <property name="testOnReturn" value="true"/>
    </bean>

    <bean id="jedisPool" class="redis.clients.jedis.JedisPool" destroy-method="destroy">
        <constructor-arg index="0" ref="jedisPoolConfig"/>
        <constructor-arg index="1" value="${redis.server}" type="java.lang.String"/>
        <constructor-arg index="2" value="${redis.port}" type="int"/>
        <constructor-arg index="3" value="200" type="int"/>
        <!--<constructor-arg index="4" value="showmemoney@1" type="java.lang.String"/>-->
    </bean>

    <bean id="dataSource" class="com.alibaba.druid.pool.DruidDataSource" init-method="init" destroy-method="close">
        <property name="url" value="${db.url}"/>
        <property name="username" value="${db.user}"/>
        <property name="password" value="${db.password}"/>
        <property name="filters" value="config"/>
        <property name="connectionProperties" value="config.decrypt=true"/>
        <property name="maxActive" value="20"/>
        <property name="initialSize" value="2"/>
        <property name="maxWait" value="60000"/>
        <property name="minIdle" value="1"/>
        <property name="timeBetweenEvictionRunsMillis" value="60000"/>
        <property name="minEvictableIdleTimeMillis" value="300000"/>
        <property name="validationQuery" value="SELECT 'x'"/>
        <property name="testWhileIdle" value="true"/>
        <property name="testOnBorrow" value="false"/>
        <property name="testOnReturn" value="false"/>
        <property name="poolPreparedStatements" value="true"/>
        <property name="maxPoolPreparedStatementPerConnectionSize" value="20"/>
    </bean>

    <bean id="mySessionFactory" class="ctd.persistence.support.hibernate.MyLocalSessionFactoryBean">
        <property name="dataSource" ref="dataSource"/>
        <property name="packagesToScan">
            <array>
                <value>hcn.mpi.entity</value>
                <value>hcn.mpi.model</value>
            </array>
        </property>
        <property name="hibernateProperties">
            <props>
                <prop key="hibernate.dialect">org.hibernate.dialect.MySQL5Dialect</prop>
                <prop key="hibernate.show_sql">true</prop>
                <prop key="hibernate.generate_statistics">false</prop>
                <prop key="hibernate.connection.release_mode">auto</prop>
                <prop key="hibernate.autoReconnect">true</prop>
                <prop key="hibernate.cache.use_second_level_cache">false</prop>
                <prop key="hibernate.jdbc.use_scrollable_resultset">true</prop>
                <prop key="hibernate.current_session_context_class">org.springframework.orm.hibernate5.SpringSessionContext</prop>
            </props>
        </property>
    </bean>

    <bean id="abstractDao" class="hcn.mpi.dao.AbstractDao" abstract="true">
        <property name="sessionFactory" ref="mySessionFactory"/>
    </bean>
    <bean id="demographicInfoDao" class="hcn.mpi.dao.DemographicInfoDao" parent="abstractDao">
        <property name="wildSearchMaxReturn" value="10"/>
    </bean>
    <bean id="identityDao" class="hcn.mpi.dao.IdentityDao" parent="abstractDao"/>

    <bean id="serviceInterceptor" class="hcn.mpi.service.ServiceInterceptor">
        <property name="jedisPool" ref="jedisPool"/>
    </bean>
    <bean id="demographicInfoService" class="org.springframework.aop.framework.ProxyFactoryBean">
        <property name="proxyTargetClass" value="true"/>
        <property name="target">
            <bean class="hcn.mpi.service.DemographicInfoServiceImpl">
                <property name="demographicInfoDao" ref="demographicInfoDao"/>
                <property name="identityDao" ref="identityDao"/>
            </bean>
        </property>
        <property name="interceptorNames">
            <list>
                <value>serviceInterceptor</value>
            </list>
        </property>
    </bean>
    <bean id="identityService" class="org.springframework.aop.framework.ProxyFactoryBean">
        <property name="proxyTargetClass" value="true"/>
        <property name="target">
            <bean class="hcn.mpi.service.IdentityServiceImpl">
                <property name="identityDao" ref="identityDao"/>
            </bean>
        </property>
        <property name="interceptorNames">
            <list>
                <value>serviceInterceptor</value>
            </list>
        </property>
    </bean>

    <bean id="transactionManager" class="org.springframework.orm.hibernate5.HibernateTransactionManager">
        <property name="sessionFactory" ref="mySessionFactory"></property>
    </bean>

    <tx:annotation-driven transaction-manager="transactionManager" proxy-target-class="true"/>

    <ssdev:service id="dictionaryRemoteLoader" class="ctd.dictionary.loader.DictionaryRemoteLoader" />

    <bean id="dictionaryLocalLoader" class="ctd.dictionary.loader.DictionaryLocalLoader"/>
    <bean id="dictionaryDynLoader" class="ctd.mixin.loader.support.DynDictionaryLoader">
        <property name="localDomainLoader" ref="dictionaryLocalLoader"/>
    </bean>
    <bean id="dictionaryUpdater" class="ctd.dictionary.updater.DictionaryUpdater"/>
    <bean id="dictionaryController" class="ctd.dictionary.DictionaryController">
        <property name="loader" ref="dictionaryDynLoader" />
        <property name="updater" ref="dictionaryUpdater"/>
    </bean>
    <bean id="dictionaryWatcher" class="ctd.dictionary.DictionaryWatcher" lazy-init="false">
        <property name="controller" ref="dictionaryController"/>
    </bean>

    <bean id="mpiProviderInterceptor" class="hcn.mpi.provider.MPIProviderProxy" />
    <bean id="mpiProviderProxy" class="org.springframework.aop.framework.ProxyFactoryBean">
        <property name="proxyInterfaces" value="hcn.mpi.provider.IMPIProvider"/>
        <property name="target">
            <bean class="hcn.mpi.provider.MPIProvider">
                <property name="demographicInfoService" ref="demographicInfoService"/>
                <property name="identityService" ref="identityService"/>
            </bean>
        </property>
        <property name="interceptorNames">
            <list>
                <value>mpiProviderInterceptor</value>
            </list>
        </property>
    </bean>
    <ssdev:service id="mpiProvider" ref="mpiProviderProxy"/>

</beans>